-- PRAGMA foreign_keys=OFF;
-- BEGIN TRANSACTION;
CREATE TABLE IF NOT EXISTS django_migrations (id integer NOT NULL PRIMARY KEY AUTO_INCREMENT, app varchar(255) NOT NULL, name varchar(255) NOT NULL, applied datetime NOT NULL);
INSERT INTO django_migrations VALUES(1,'contenttypes','0001_initial','2024-05-07 06:25:44.767424');
INSERT INTO django_migrations VALUES(2,'auth','0001_initial','2024-05-07 06:25:44.797214');
INSERT INTO django_migrations VALUES(3,'admin','0001_initial','2024-05-07 06:25:44.835499');
INSERT INTO django_migrations VALUES(4,'admin','0002_logentry_remove_auto_add','2024-05-07 06:25:44.852471');
INSERT INTO django_migrations VALUES(5,'admin','0003_logentry_add_action_flag_choices','2024-05-07 06:25:44.876316');
INSERT INTO django_migrations VALUES(6,'contenttypes','0002_remove_content_type_name','2024-05-07 06:25:44.900429');
INSERT INTO django_migrations VALUES(7,'auth','0002_alter_permission_name_max_length','2024-05-07 06:25:44.917288');
INSERT INTO django_migrations VALUES(8,'auth','0003_alter_user_email_max_length','2024-05-07 06:25:44.940000');
INSERT INTO django_migrations VALUES(9,'auth','0004_alter_user_username_opts','2024-05-07 06:25:44.959908');
INSERT INTO django_migrations VALUES(10,'auth','0005_alter_user_last_login_null','2024-05-07 06:25:44.984319');
INSERT INTO django_migrations VALUES(11,'auth','0006_require_contenttypes_0002','2024-05-07 06:25:44.999259');
INSERT INTO django_migrations VALUES(12,'auth','0007_alter_validators_add_error_messages','2024-05-07 06:25:45.009258');
INSERT INTO django_migrations VALUES(13,'auth','0008_alter_user_username_max_length','2024-05-07 06:25:45.032157');
INSERT INTO django_migrations VALUES(14,'auth','0009_alter_user_last_name_max_length','2024-05-07 06:25:45.052423');
INSERT INTO django_migrations VALUES(15,'auth','0010_alter_group_name_max_length','2024-05-07 06:25:45.075374');
INSERT INTO django_migrations VALUES(16,'auth','0011_update_proxy_permissions','2024-05-07 06:25:45.093768');
INSERT INTO django_migrations VALUES(17,'auth','0012_alter_user_first_name_max_length','2024-05-07 06:25:45.109641');
INSERT INTO django_migrations VALUES(18,'tagging','0001_initial','2024-05-07 06:25:45.149819');
INSERT INTO django_migrations VALUES(19,'tagging','0002_on_delete','2024-05-07 06:25:45.165032');
INSERT INTO django_migrations VALUES(20,'dictionary','0001_initial','2024-05-07 06:25:46.491865');
INSERT INTO django_migrations VALUES(21,'dictionary','0002_auto_20150807_1048','2024-05-07 06:25:46.492347');
INSERT INTO django_migrations VALUES(22,'dictionary','0003_keywordenglish_translationenglish','2024-05-07 06:25:46.492530');
INSERT INTO django_migrations VALUES(23,'dictionary','0004_auto_20150811_1559','2024-05-07 06:25:46.492723');
INSERT INTO django_migrations VALUES(24,'dictionary','0005_gloss_url_field','2024-05-07 06:25:46.492858');
INSERT INTO django_migrations VALUES(25,'dictionary','0006_auto_20150828_0933','2024-05-07 06:25:46.492983');
INSERT INTO django_migrations VALUES(26,'dictionary','0007_auto_20151016_1346','2024-05-07 06:25:46.493103');
INSERT INTO django_migrations VALUES(27,'dictionary','0008_auto_20151030_1125','2024-05-07 06:25:46.493225');
INSERT INTO django_migrations VALUES(28,'dictionary','0009_auto_20151106_1019','2024-05-07 06:25:46.493356');
INSERT INTO django_migrations VALUES(29,'dictionary','0010_auto_20151221_1654','2024-05-07 06:25:46.493481');
INSERT INTO django_migrations VALUES(30,'dictionary','0011_auto_20160205_1258','2024-05-07 06:25:46.493732');
INSERT INTO django_migrations VALUES(31,'dictionary','0012_auto_20160323_1408','2024-05-07 06:25:46.493864');
INSERT INTO django_migrations VALUES(32,'dictionary','0013_auto_20160323_1455','2024-05-07 06:25:46.493992');
INSERT INTO django_migrations VALUES(33,'dictionary','0014_language_language_code','2024-05-07 06:25:46.494117');
INSERT INTO django_migrations VALUES(34,'dictionary','0015_auto_20160517_1519','2024-05-07 06:25:46.494247');
INSERT INTO django_migrations VALUES(35,'dictionary','0016_auto_20160517_1552','2024-05-07 06:25:46.494383');
INSERT INTO django_migrations VALUES(36,'dictionary','0017_auto_20160828_1417','2024-05-07 06:25:46.494520');
INSERT INTO django_migrations VALUES(37,'dictionary','0018_auto_20160902_1626','2024-05-07 06:25:46.494736');
INSERT INTO django_migrations VALUES(38,'dictionary','0019_auto_20160902_1857','2024-05-07 06:25:46.494877');
INSERT INTO django_migrations VALUES(39,'dictionary','0020_auto_20160913_1404','2024-05-07 06:25:46.495000');
INSERT INTO django_migrations VALUES(40,'dictionary','0021_auto_20161121_1310','2024-05-07 06:25:46.495120');
INSERT INTO django_migrations VALUES(41,'dictionary','0022_auto_20161201_0826','2024-05-07 06:25:46.495259');
INSERT INTO django_migrations VALUES(42,'dictionary','0023_auto_20170310_1251','2024-05-07 06:25:46.495386');
INSERT INTO django_migrations VALUES(43,'dictionary','0024_glosstranslations','2024-05-07 06:25:46.495493');
INSERT INTO django_migrations VALUES(44,'dictionary','0025_auto_20170313_1341','2024-05-07 06:25:46.495624');
INSERT INTO django_migrations VALUES(45,'dictionary','0026_auto_20170511_1920','2024-05-07 06:25:46.495768');
INSERT INTO django_migrations VALUES(46,'dictionary','0027_glossrelation','2024-05-07 06:25:46.495881');
INSERT INTO django_migrations VALUES(47,'dictionary','0028_glossurl','2024-05-07 06:25:46.495991');
INSERT INTO django_migrations VALUES(48,'dictionary','0029_auto_20170626_1149','2024-05-07 06:25:46.496106');
INSERT INTO django_migrations VALUES(49,'dictionary','0030_auto_20170810_1248','2024-05-07 06:25:46.496218');
INSERT INTO django_migrations VALUES(50,'dictionary','0031_auto_20170920_1051','2024-05-07 06:25:46.496328');
INSERT INTO django_migrations VALUES(51,'dictionary','0032_auto_20170920_1307','2024-05-07 06:25:46.496441');
INSERT INTO django_migrations VALUES(52,'dictionary','0033_allowedtags','2024-05-07 06:25:46.496552');
INSERT INTO django_migrations VALUES(53,'dictionary','0034_auto_20170925_1530','2024-05-07 06:25:46.496668');
INSERT INTO django_migrations VALUES(54,'dictionary','0035_remove_gloss_url_field','2024-05-07 06:25:46.496780');
INSERT INTO django_migrations VALUES(55,'dictionary','0036_auto_20170927_1409','2024-05-07 06:25:46.496892');
INSERT INTO django_migrations VALUES(56,'dictionary','0037_remove_gloss_in_web_dictionary','2024-05-07 06:25:46.497002');
INSERT INTO django_migrations VALUES(57,'dictionary','0038_auto_20171017_1242','2024-05-07 06:25:46.497111');
INSERT INTO django_migrations VALUES(58,'dictionary','0039_auto_20180326_1757','2024-05-07 06:25:46.497223');
INSERT INTO django_migrations VALUES(59,'dictionary','0040_auto_20180330_1300','2024-05-07 06:25:46.497329');
INSERT INTO django_migrations VALUES(60,'dictionary','0041_auto_20180418_1218','2024-05-07 06:25:46.497436');
INSERT INTO django_migrations VALUES(61,'dictionary','0042_auto_20180605_1716','2024-05-07 06:25:46.497544');
INSERT INTO django_migrations VALUES(62,'dictionary','0043_auto_20180605_1726','2024-05-07 06:25:46.497658');
INSERT INTO django_migrations VALUES(63,'dictionary','0044_auto_20180605_1747','2024-05-07 06:25:46.497764');
INSERT INTO django_migrations VALUES(64,'dictionary','0045_dataset_admins','2024-05-07 06:25:46.497871');
INSERT INTO django_migrations VALUES(65,'dictionary','0046_auto_20180608_1521','2024-05-07 06:25:46.497977');
INSERT INTO django_migrations VALUES(66,'dictionary','0047_auto_20180629_1415','2024-05-07 06:25:46.498080');
INSERT INTO django_migrations VALUES(67,'dictionary','0002_auto_20200125_1039','2024-05-07 06:25:46.855801');
INSERT INTO django_migrations VALUES(68,'dictionary','0003_dataset_glosslanguage','2024-05-07 06:25:46.886842');
INSERT INTO django_migrations VALUES(69,'dictionary','0004_auto_20220108_1408','2024-05-07 06:25:46.967471');
INSERT INTO django_migrations VALUES(70,'dictionary','0005_auto_20230531_1540','2024-05-07 06:25:47.033642');
INSERT INTO django_migrations VALUES(71,'dictionary','0006_glossurl_sign_language','2024-05-07 06:25:47.058293');
INSERT INTO django_migrations VALUES(72,'sites','0001_initial','2024-05-07 06:25:47.073545');
INSERT INTO django_migrations VALUES(73,'django_comments','0001_initial','2024-05-07 06:25:47.184557');
INSERT INTO django_migrations VALUES(74,'django_comments','0002_update_user_email_field_length','2024-05-07 06:25:47.204452');
INSERT INTO django_migrations VALUES(75,'django_comments','0003_add_submit_date_index','2024-05-07 06:25:47.229372');
INSERT INTO django_migrations VALUES(76,'django_comments','0004_add_object_pk_is_removed_index','2024-05-07 06:25:47.282508');
INSERT INTO django_migrations VALUES(77,'django_summernote','0001_initial','2024-05-07 06:25:47.289395');
INSERT INTO django_migrations VALUES(78,'django_summernote','0002_update-help_text','2024-05-07 06:25:47.298572');
INSERT INTO django_migrations VALUES(79,'flatpages','0001_initial','2024-05-07 06:25:47.342608');
INSERT INTO django_migrations VALUES(80,'flatpages','0002_auto_20240422_1721','2024-05-07 06:25:47.384859');
INSERT INTO django_migrations VALUES(81,'guardian','0001_initial','2024-05-07 06:25:47.468779');
INSERT INTO django_migrations VALUES(82,'guardian','0002_generic_permissions_index','2024-05-07 06:25:47.494555');
INSERT INTO django_migrations VALUES(83,'notifications','0001_initial','2024-05-07 06:25:47.548053');
INSERT INTO django_migrations VALUES(84,'notifications','0002_auto_20150224_1134','2024-05-07 06:25:47.585351');
INSERT INTO django_migrations VALUES(85,'notifications','0003_notification_data','2024-05-07 06:25:47.621529');
INSERT INTO django_migrations VALUES(86,'notifications','0004_auto_20150826_1508','2024-05-07 06:25:47.651939');
INSERT INTO django_migrations VALUES(87,'notifications','0005_auto_20160504_1520','2024-05-07 06:25:47.673308');
INSERT INTO django_migrations VALUES(88,'notifications','0006_indexes','2024-05-07 06:25:47.763583');
INSERT INTO django_migrations VALUES(89,'notifications','0007_add_timestamp_index','2024-05-07 06:25:47.852210');
INSERT INTO django_migrations VALUES(90,'notifications','0008_index_together_recipient_unread','2024-05-07 06:25:47.876314');
INSERT INTO django_migrations VALUES(91,'notifications','0009_alter_notification_options_and_more','2024-05-07 06:25:48.085171');
INSERT INTO django_migrations VALUES(92,'reversion','0001_squashed_0004_auto_20160611_1202','2024-05-07 06:25:48.199420');
INSERT INTO django_migrations VALUES(93,'reversion','0002_add_index_on_version_for_content_type_and_db','2024-05-07 06:25:48.210788');
INSERT INTO django_migrations VALUES(94,'sessions','0001_initial','2024-05-07 06:25:48.234088');
INSERT INTO django_migrations VALUES(95,'sites','0002_alter_domain_unique','2024-05-07 06:25:48.277369');
INSERT INTO django_migrations VALUES(96,'tagging','0003_adapt_max_tag_length','2024-05-07 06:25:48.314052');
INSERT INTO django_migrations VALUES(97,'video','0001_initial','2024-05-07 06:25:48.363024');
INSERT INTO django_migrations VALUES(98,'video','0002_auto_20161013_1049','2024-05-07 06:25:48.366866');
INSERT INTO django_migrations VALUES(99,'video','0003_glossvideo_dataset','2024-05-07 06:25:48.370853');
INSERT INTO django_migrations VALUES(100,'video','0004_auto_20161016_1842','2024-05-07 06:25:48.377828');
INSERT INTO django_migrations VALUES(101,'video','0005_glossvideo_posterfile','2024-05-07 06:25:48.381804');
INSERT INTO django_migrations VALUES(102,'video','0006_glossvideo_title','2024-05-07 06:25:48.385092');
INSERT INTO django_migrations VALUES(103,'video','0007_auto_20161201_0821','2024-05-07 06:25:48.388731');
INSERT INTO django_migrations VALUES(104,'video','0008_auto_20170407_1315','2024-05-07 06:25:48.394032');
INSERT INTO django_migrations VALUES(105,'video','0009_auto_20170509_1929','2024-05-07 06:25:48.397959');
INSERT INTO django_migrations VALUES(106,'video','0010_auto_20170511_1748','2024-05-07 06:25:48.401387');
INSERT INTO django_migrations VALUES(107,'video','0011_auto_20170925_1530','2024-05-07 06:25:48.409114');
INSERT INTO django_migrations VALUES(108,'video','0012_delete_video','2024-05-07 06:25:48.415863');
INSERT INTO django_migrations VALUES(109,'video','0013_auto_20180325_1358','2024-05-07 06:25:48.419757');
INSERT INTO django_migrations VALUES(110,'video','0014_glossvideo_is_public','2024-05-07 06:25:48.423300');
INSERT INTO django_migrations VALUES(111,'video','0002_auto_20200125_1039','2024-05-07 06:25:48.447189');
INSERT INTO django_migrations VALUES(112,'dictionary','0001_squashed_0047_auto_20180629_1415','2024-05-07 06:25:48.453968');
INSERT INTO django_migrations VALUES(113,'video','0001_squashed_0014_glossvideo_is_public','2024-05-07 06:25:48.464712');
-- Add missing migration:
INSERT INTO django_migrations VALUES(114,'dictionary','0007_auto_20240521_1513',NOW());
CREATE TABLE IF NOT EXISTS auth_group_permissions (id integer NOT NULL PRIMARY KEY AUTO_INCREMENT, group_id integer NOT NULL REFERENCES auth_group (id) , permission_id integer NOT NULL REFERENCES auth_permission (id) );
CREATE TABLE IF NOT EXISTS auth_user_groups (id integer NOT NULL PRIMARY KEY AUTO_INCREMENT, user_id integer NOT NULL REFERENCES auth_user (id) , group_id integer NOT NULL REFERENCES auth_group (id) );
CREATE TABLE IF NOT EXISTS auth_user_user_permissions (id integer NOT NULL PRIMARY KEY AUTO_INCREMENT, user_id integer NOT NULL REFERENCES auth_user (id) , permission_id integer NOT NULL REFERENCES auth_permission (id) );
CREATE TABLE IF NOT EXISTS django_admin_log (id integer NOT NULL PRIMARY KEY AUTO_INCREMENT, action_time datetime NOT NULL, object_id text NULL, object_repr varchar(200) NOT NULL, change_message text NOT NULL, content_type_id integer NULL REFERENCES django_content_type (id) , user_id integer NOT NULL REFERENCES auth_user (id) , action_flag smallint unsigned NOT NULL CHECK (action_flag >= 0));
CREATE TABLE IF NOT EXISTS django_content_type (id integer NOT NULL PRIMARY KEY AUTO_INCREMENT, app_label varchar(100) NOT NULL, model varchar(100) NOT NULL);
INSERT INTO django_content_type VALUES(1,'auth','permission');
INSERT INTO django_content_type VALUES(2,'auth','group');
INSERT INTO django_content_type VALUES(3,'auth','user');
INSERT INTO django_content_type VALUES(4,'contenttypes','contenttype');
INSERT INTO django_content_type VALUES(5,'sessions','session');
INSERT INTO django_content_type VALUES(6,'sites','site');
INSERT INTO django_content_type VALUES(7,'admin','logentry');
INSERT INTO django_content_type VALUES(8,'django_summernote','attachment');
INSERT INTO django_content_type VALUES(9,'dictionary','dialect');
INSERT INTO django_content_type VALUES(10,'dictionary','fieldchoice');
INSERT INTO django_content_type VALUES(11,'dictionary','gloss');
INSERT INTO django_content_type VALUES(12,'dictionary','keyword');
INSERT INTO django_content_type VALUES(13,'dictionary','language');
INSERT INTO django_content_type VALUES(14,'dictionary','morphologydefinition');
INSERT INTO django_content_type VALUES(15,'dictionary','relation');
INSERT INTO django_content_type VALUES(16,'dictionary','relationtoforeignsign');
INSERT INTO django_content_type VALUES(17,'dictionary','translation');
INSERT INTO django_content_type VALUES(18,'dictionary','dataset');
INSERT INTO django_content_type VALUES(19,'dictionary','signlanguage');
INSERT INTO django_content_type VALUES(20,'dictionary','glosstranslations');
INSERT INTO django_content_type VALUES(21,'dictionary','glossrelation');
INSERT INTO django_content_type VALUES(22,'dictionary','glossurl');
INSERT INTO django_content_type VALUES(23,'dictionary','allowedtags');
INSERT INTO django_content_type VALUES(24,'flatpages','flatpage');
INSERT INTO django_content_type VALUES(25,'video','glossvideo');
INSERT INTO django_content_type VALUES(26,'reversion','revision');
INSERT INTO django_content_type VALUES(27,'reversion','version');
INSERT INTO django_content_type VALUES(28,'tagging','tag');
INSERT INTO django_content_type VALUES(29,'tagging','taggeditem');
INSERT INTO django_content_type VALUES(30,'django_comments','comment');
INSERT INTO django_content_type VALUES(31,'django_comments','commentflag');
INSERT INTO django_content_type VALUES(32,'guardian','groupobjectpermission');
INSERT INTO django_content_type VALUES(33,'guardian','userobjectpermission');
INSERT INTO django_content_type VALUES(34,'notifications','notification');
CREATE TABLE IF NOT EXISTS auth_permission (id integer NOT NULL PRIMARY KEY AUTO_INCREMENT, content_type_id integer NOT NULL REFERENCES django_content_type (id) , codename varchar(100) NOT NULL, name varchar(255) NOT NULL);
INSERT INTO auth_permission VALUES(1,1,'add_permission','Can add permission');
INSERT INTO auth_permission VALUES(2,1,'change_permission','Can change permission');
INSERT INTO auth_permission VALUES(3,1,'delete_permission','Can delete permission');
INSERT INTO auth_permission VALUES(4,1,'view_permission','Can view permission');
INSERT INTO auth_permission VALUES(5,2,'add_group','Can add group');
INSERT INTO auth_permission VALUES(6,2,'change_group','Can change group');
INSERT INTO auth_permission VALUES(7,2,'delete_group','Can delete group');
INSERT INTO auth_permission VALUES(8,2,'view_group','Can view group');
INSERT INTO auth_permission VALUES(9,3,'add_user','Can add user');
INSERT INTO auth_permission VALUES(10,3,'change_user','Can change user');
INSERT INTO auth_permission VALUES(11,3,'delete_user','Can delete user');
INSERT INTO auth_permission VALUES(12,3,'view_user','Can view user');
INSERT INTO auth_permission VALUES(13,4,'add_contenttype','Can add content type');
INSERT INTO auth_permission VALUES(14,4,'change_contenttype','Can change content type');
INSERT INTO auth_permission VALUES(15,4,'delete_contenttype','Can delete content type');
INSERT INTO auth_permission VALUES(16,4,'view_contenttype','Can view content type');
INSERT INTO auth_permission VALUES(17,5,'add_session','Can add session');
INSERT INTO auth_permission VALUES(18,5,'change_session','Can change session');
INSERT INTO auth_permission VALUES(19,5,'delete_session','Can delete session');
INSERT INTO auth_permission VALUES(20,5,'view_session','Can view session');
INSERT INTO auth_permission VALUES(21,6,'add_site','Can add site');
INSERT INTO auth_permission VALUES(22,6,'change_site','Can change site');
INSERT INTO auth_permission VALUES(23,6,'delete_site','Can delete site');
INSERT INTO auth_permission VALUES(24,6,'view_site','Can view site');
INSERT INTO auth_permission VALUES(25,7,'add_logentry','Can add log entry');
INSERT INTO auth_permission VALUES(26,7,'change_logentry','Can change log entry');
INSERT INTO auth_permission VALUES(27,7,'delete_logentry','Can delete log entry');
INSERT INTO auth_permission VALUES(28,7,'view_logentry','Can view log entry');
INSERT INTO auth_permission VALUES(29,8,'add_attachment','Can add attachment');
INSERT INTO auth_permission VALUES(30,8,'change_attachment','Can change attachment');
INSERT INTO auth_permission VALUES(31,8,'delete_attachment','Can delete attachment');
INSERT INTO auth_permission VALUES(32,8,'view_attachment','Can view attachment');
INSERT INTO auth_permission VALUES(33,9,'add_dialect','Can add Dialect');
INSERT INTO auth_permission VALUES(34,9,'change_dialect','Can change Dialect');
INSERT INTO auth_permission VALUES(35,9,'delete_dialect','Can delete Dialect');
INSERT INTO auth_permission VALUES(36,9,'view_dialect','Can view Dialect');
INSERT INTO auth_permission VALUES(37,10,'add_fieldchoice','Can add Field choice');
INSERT INTO auth_permission VALUES(38,10,'change_fieldchoice','Can change Field choice');
INSERT INTO auth_permission VALUES(39,10,'delete_fieldchoice','Can delete Field choice');
INSERT INTO auth_permission VALUES(40,10,'view_fieldchoice','Can view Field choice');
INSERT INTO auth_permission VALUES(41,11,'add_gloss','Can add Gloss');
INSERT INTO auth_permission VALUES(42,11,'change_gloss','Can change Gloss');
INSERT INTO auth_permission VALUES(43,11,'delete_gloss','Can delete Gloss');
INSERT INTO auth_permission VALUES(44,11,'view_gloss','Can view Gloss');
INSERT INTO auth_permission VALUES(45,11,'update_video','Can Update Video');
INSERT INTO auth_permission VALUES(46,11,'search_gloss','Can Search/View Full Gloss Details');
INSERT INTO auth_permission VALUES(47,11,'export_csv','Can export sign details as CSV');
INSERT INTO auth_permission VALUES(48,11,'import_csv','Can import glosses from a CSV file');
INSERT INTO auth_permission VALUES(49,11,'view_advanced_properties','Include all properties in sign detail view');
INSERT INTO auth_permission VALUES(50,11,'publish_gloss','Can publish and unpublish Glosses');
INSERT INTO auth_permission VALUES(51,12,'add_keyword','Can add Keyword');
INSERT INTO auth_permission VALUES(52,12,'change_keyword','Can change Keyword');
INSERT INTO auth_permission VALUES(53,12,'delete_keyword','Can delete Keyword');
INSERT INTO auth_permission VALUES(54,12,'view_keyword','Can view Keyword');
INSERT INTO auth_permission VALUES(55,13,'add_language','Can add Written language');
INSERT INTO auth_permission VALUES(56,13,'change_language','Can change Written language');
INSERT INTO auth_permission VALUES(57,13,'delete_language','Can delete Written language');
INSERT INTO auth_permission VALUES(58,13,'view_language','Can view Written language');
INSERT INTO auth_permission VALUES(59,14,'add_morphologydefinition','Can add Morphology definition');
INSERT INTO auth_permission VALUES(60,14,'change_morphologydefinition','Can change Morphology definition');
INSERT INTO auth_permission VALUES(61,14,'delete_morphologydefinition','Can delete Morphology definition');
INSERT INTO auth_permission VALUES(62,14,'view_morphologydefinition','Can view Morphology definition');
INSERT INTO auth_permission VALUES(63,15,'add_relation','Can add Relation');
INSERT INTO auth_permission VALUES(64,15,'change_relation','Can change Relation');
INSERT INTO auth_permission VALUES(65,15,'delete_relation','Can delete Relation');
INSERT INTO auth_permission VALUES(66,15,'view_relation','Can view Relation');
INSERT INTO auth_permission VALUES(67,16,'add_relationtoforeignsign','Can add Relation to Foreign Sign');
INSERT INTO auth_permission VALUES(68,16,'change_relationtoforeignsign','Can change Relation to Foreign Sign');
INSERT INTO auth_permission VALUES(69,16,'delete_relationtoforeignsign','Can delete Relation to Foreign Sign');
INSERT INTO auth_permission VALUES(70,16,'view_relationtoforeignsign','Can view Relation to Foreign Sign');
INSERT INTO auth_permission VALUES(71,17,'add_translation','Can add Translation equivalent');
INSERT INTO auth_permission VALUES(72,17,'change_translation','Can change Translation equivalent');
INSERT INTO auth_permission VALUES(73,17,'delete_translation','Can delete Translation equivalent');
INSERT INTO auth_permission VALUES(74,17,'view_translation','Can view Translation equivalent');
INSERT INTO auth_permission VALUES(75,18,'add_dataset','Can add Lexicon');
INSERT INTO auth_permission VALUES(76,18,'change_dataset','Can change Lexicon');
INSERT INTO auth_permission VALUES(77,18,'delete_dataset','Can delete Lexicon');
INSERT INTO auth_permission VALUES(78,18,'view_dataset','Can view Lexicon');
INSERT INTO auth_permission VALUES(79,18,'access_dataset','Access dataset');
INSERT INTO auth_permission VALUES(80,19,'add_signlanguage','Can add Sign language');
INSERT INTO auth_permission VALUES(81,19,'change_signlanguage','Can change Sign language');
INSERT INTO auth_permission VALUES(82,19,'delete_signlanguage','Can delete Sign language');
INSERT INTO auth_permission VALUES(83,19,'view_signlanguage','Can view Sign language');
INSERT INTO auth_permission VALUES(84,20,'add_glosstranslations','Can add Gloss translation field');
INSERT INTO auth_permission VALUES(85,20,'change_glosstranslations','Can change Gloss translation field');
INSERT INTO auth_permission VALUES(86,20,'delete_glosstranslations','Can delete Gloss translation field');
INSERT INTO auth_permission VALUES(87,20,'view_glosstranslations','Can view Gloss translation field');
INSERT INTO auth_permission VALUES(88,21,'add_glossrelation','Can add Gloss relation');
INSERT INTO auth_permission VALUES(89,21,'change_glossrelation','Can change Gloss relation');
INSERT INTO auth_permission VALUES(90,21,'delete_glossrelation','Can delete Gloss relation');
INSERT INTO auth_permission VALUES(91,21,'view_glossrelation','Can view Gloss relation');
INSERT INTO auth_permission VALUES(92,22,'add_glossurl','Can add Gloss URL');
INSERT INTO auth_permission VALUES(93,22,'change_glossurl','Can change Gloss URL');
INSERT INTO auth_permission VALUES(94,22,'delete_glossurl','Can delete Gloss URL');
INSERT INTO auth_permission VALUES(95,22,'view_glossurl','Can view Gloss URL');
INSERT INTO auth_permission VALUES(96,23,'add_allowedtags','Can add Allowed tags');
INSERT INTO auth_permission VALUES(97,23,'change_allowedtags','Can change Allowed tags');
INSERT INTO auth_permission VALUES(98,23,'delete_allowedtags','Can delete Allowed tags');
INSERT INTO auth_permission VALUES(99,23,'view_allowedtags','Can view Allowed tags');
INSERT INTO auth_permission VALUES(100,24,'add_flatpage','Can add flat page');
INSERT INTO auth_permission VALUES(101,24,'change_flatpage','Can change flat page');
INSERT INTO auth_permission VALUES(102,24,'delete_flatpage','Can delete flat page');
INSERT INTO auth_permission VALUES(103,24,'view_flatpage','Can view flat page');
INSERT INTO auth_permission VALUES(104,25,'add_glossvideo','Can add Gloss video');
INSERT INTO auth_permission VALUES(105,25,'change_glossvideo','Can change Gloss video');
INSERT INTO auth_permission VALUES(106,25,'delete_glossvideo','Can delete Gloss video');
INSERT INTO auth_permission VALUES(107,25,'view_glossvideo','Can view Gloss video');
INSERT INTO auth_permission VALUES(108,26,'add_revision','Can add revision');
INSERT INTO auth_permission VALUES(109,26,'change_revision','Can change revision');
INSERT INTO auth_permission VALUES(110,26,'delete_revision','Can delete revision');
INSERT INTO auth_permission VALUES(111,26,'view_revision','Can view revision');
INSERT INTO auth_permission VALUES(112,27,'add_version','Can add version');
INSERT INTO auth_permission VALUES(113,27,'change_version','Can change version');
INSERT INTO auth_permission VALUES(114,27,'delete_version','Can delete version');
INSERT INTO auth_permission VALUES(115,27,'view_version','Can view version');
INSERT INTO auth_permission VALUES(116,28,'add_tag','Can add tag');
INSERT INTO auth_permission VALUES(117,28,'change_tag','Can change tag');
INSERT INTO auth_permission VALUES(118,28,'delete_tag','Can delete tag');
INSERT INTO auth_permission VALUES(119,28,'view_tag','Can view tag');
INSERT INTO auth_permission VALUES(120,29,'add_taggeditem','Can add tagged item');
INSERT INTO auth_permission VALUES(121,29,'change_taggeditem','Can change tagged item');
INSERT INTO auth_permission VALUES(122,29,'delete_taggeditem','Can delete tagged item');
INSERT INTO auth_permission VALUES(123,29,'view_taggeditem','Can view tagged item');
INSERT INTO auth_permission VALUES(124,30,'add_comment','Can add comment');
INSERT INTO auth_permission VALUES(125,30,'change_comment','Can change comment');
INSERT INTO auth_permission VALUES(126,30,'delete_comment','Can delete comment');
INSERT INTO auth_permission VALUES(127,30,'view_comment','Can view comment');
INSERT INTO auth_permission VALUES(128,30,'can_moderate','Can moderate comments');
INSERT INTO auth_permission VALUES(129,31,'add_commentflag','Can add comment flag');
INSERT INTO auth_permission VALUES(130,31,'change_commentflag','Can change comment flag');
INSERT INTO auth_permission VALUES(131,31,'delete_commentflag','Can delete comment flag');
INSERT INTO auth_permission VALUES(132,31,'view_commentflag','Can view comment flag');
INSERT INTO auth_permission VALUES(133,32,'add_groupobjectpermission','Can add group object permission');
INSERT INTO auth_permission VALUES(134,32,'change_groupobjectpermission','Can change group object permission');
INSERT INTO auth_permission VALUES(135,32,'delete_groupobjectpermission','Can delete group object permission');
INSERT INTO auth_permission VALUES(136,32,'view_groupobjectpermission','Can view group object permission');
INSERT INTO auth_permission VALUES(137,33,'add_userobjectpermission','Can add user object permission');
INSERT INTO auth_permission VALUES(138,33,'change_userobjectpermission','Can change user object permission');
INSERT INTO auth_permission VALUES(139,33,'delete_userobjectpermission','Can delete user object permission');
INSERT INTO auth_permission VALUES(140,33,'view_userobjectpermission','Can view user object permission');
INSERT INTO auth_permission VALUES(141,34,'add_notification','Can add Notification');
INSERT INTO auth_permission VALUES(142,34,'change_notification','Can change Notification');
INSERT INTO auth_permission VALUES(143,34,'delete_notification','Can delete Notification');
INSERT INTO auth_permission VALUES(144,34,'view_notification','Can view Notification');
CREATE TABLE IF NOT EXISTS auth_group (id integer NOT NULL PRIMARY KEY AUTO_INCREMENT, name varchar(150) NOT NULL UNIQUE);
CREATE TABLE IF NOT EXISTS auth_user (id integer NOT NULL PRIMARY KEY AUTO_INCREMENT, password varchar(128) NOT NULL, last_login datetime NULL, is_superuser bool NOT NULL, username varchar(150) NOT NULL UNIQUE, last_name varchar(150) NOT NULL, email varchar(254) NOT NULL, is_staff bool NOT NULL, is_active bool NOT NULL, date_joined datetime NOT NULL, first_name varchar(150) NOT NULL);
-- INSERT INTO auth_user VALUES(1,'!OuIldDBfHiw5FkI3tM24ZnEdTYRYy9k24tQhuTBW',NULL,0,'AnonymousUser','','',0,1,'2024-05-07 06:25:48.662550','');
CREATE TABLE IF NOT EXISTS tagging_tag (id integer NOT NULL PRIMARY KEY AUTO_INCREMENT, name varchar(50) NOT NULL UNIQUE);
CREATE TABLE IF NOT EXISTS tagging_taggeditem (id integer NOT NULL PRIMARY KEY AUTO_INCREMENT, object_id integer unsigned NOT NULL CHECK (object_id >= 0), content_type_id integer NOT NULL REFERENCES django_content_type (id) , tag_id integer NOT NULL REFERENCES tagging_tag (id) );
CREATE TABLE IF NOT EXISTS dictionary_fieldchoice (id integer NOT NULL PRIMARY KEY AUTO_INCREMENT, field varchar(50) NOT NULL, english_name varchar(50) NOT NULL, machine_value integer NOT NULL UNIQUE);
CREATE TABLE IF NOT EXISTS dictionary_gloss_dialect (id integer NOT NULL PRIMARY KEY AUTO_INCREMENT, gloss_id integer NOT NULL REFERENCES dictionary_gloss (id) , dialect_id integer NOT NULL REFERENCES dictionary_dialect (id) );
CREATE TABLE IF NOT EXISTS dictionary_keyword (id integer NOT NULL PRIMARY KEY AUTO_INCREMENT, text varchar(100) NOT NULL UNIQUE);
CREATE TABLE IF NOT EXISTS dictionary_morphologydefinition (id integer NOT NULL PRIMARY KEY AUTO_INCREMENT, morpheme_id integer NOT NULL REFERENCES dictionary_gloss (id) , parent_gloss_id integer NOT NULL REFERENCES dictionary_gloss (id) , MorphologyType integer NOT NULL REFERENCES dictionary_fieldchoice (machine_value) );
CREATE TABLE IF NOT EXISTS dictionary_relation (id integer NOT NULL PRIMARY KEY AUTO_INCREMENT, MorphologyType integer NOT NULL REFERENCES dictionary_fieldchoice (machine_value) , source_id integer NOT NULL REFERENCES dictionary_gloss (id) , target_id integer NOT NULL REFERENCES dictionary_gloss (id) );
CREATE TABLE IF NOT EXISTS dictionary_relationtoforeignsign (id integer NOT NULL PRIMARY KEY AUTO_INCREMENT, loan bool NOT NULL, other_lang varchar(20) NOT NULL, other_lang_gloss varchar(50) NOT NULL, gloss_id integer NOT NULL REFERENCES dictionary_gloss (id) );
CREATE TABLE IF NOT EXISTS dictionary_translation (id integer NOT NULL PRIMARY KEY AUTO_INCREMENT, ordering integer NOT NULL, gloss_id integer NOT NULL REFERENCES dictionary_gloss (id) , keyword_id integer NOT NULL REFERENCES dictionary_keyword (id) , language_id integer NOT NULL REFERENCES dictionary_language (id) );
CREATE TABLE IF NOT EXISTS dictionary_dataset_translation_languages (id integer NOT NULL PRIMARY KEY AUTO_INCREMENT, dataset_id integer NOT NULL REFERENCES dictionary_dataset (id) , language_id integer NOT NULL REFERENCES dictionary_language (id) );
CREATE TABLE IF NOT EXISTS dictionary_dialect (id integer NOT NULL PRIMARY KEY AUTO_INCREMENT, name varchar(50) NOT NULL, description text NOT NULL, language_id integer NOT NULL REFERENCES dictionary_signlanguage (id) );
CREATE TABLE IF NOT EXISTS dictionary_glosstranslations (id integer NOT NULL PRIMARY KEY AUTO_INCREMENT, translations text NOT NULL, gloss_id integer NOT NULL REFERENCES dictionary_gloss (id) , language_id integer NOT NULL REFERENCES dictionary_language (id) );
CREATE TABLE IF NOT EXISTS dictionary_glossrelation (id integer NOT NULL PRIMARY KEY AUTO_INCREMENT, source_id integer NOT NULL REFERENCES dictionary_gloss (id) , target_id integer NOT NULL REFERENCES dictionary_gloss (id) );
CREATE TABLE IF NOT EXISTS dictionary_allowedtags (id integer NOT NULL PRIMARY KEY AUTO_INCREMENT, content_type_id integer NOT NULL UNIQUE REFERENCES django_content_type (id) );
CREATE TABLE IF NOT EXISTS dictionary_allowedtags_allowed_tags (id integer NOT NULL PRIMARY KEY AUTO_INCREMENT, allowedtags_id integer NOT NULL REFERENCES dictionary_allowedtags (id) , tag_id integer NOT NULL REFERENCES tagging_tag (id) );
CREATE TABLE IF NOT EXISTS dictionary_dataset_admins (id integer NOT NULL PRIMARY KEY AUTO_INCREMENT, dataset_id integer NOT NULL REFERENCES dictionary_dataset (id) , user_id integer NOT NULL REFERENCES auth_user (id) );
CREATE TABLE IF NOT EXISTS dictionary_gloss (id integer NOT NULL PRIMARY KEY AUTO_INCREMENT, idgloss varchar(60) NOT NULL, alternating_movement bool NULL, phonology_other text NULL, mouth_gesture varchar(50) NOT NULL, mouthing varchar(50) NOT NULL, phonetic_variation varchar(50) NOT NULL, iconic_image varchar(50) NOT NULL, number_of_occurences integer NULL, absolute_orientation_fingers integer NULL REFERENCES dictionary_fieldchoice (machine_value) , absolute_orientation_palm integer NULL REFERENCES dictionary_fieldchoice (machine_value) , contact_type integer NULL REFERENCES dictionary_fieldchoice (machine_value) , handedness integer NULL REFERENCES dictionary_fieldchoice (machine_value) , handshape_change integer NULL REFERENCES dictionary_fieldchoice (machine_value) , location integer NULL REFERENCES dictionary_fieldchoice (machine_value) , movement_direction integer NULL REFERENCES dictionary_fieldchoice (machine_value) , movement_manner integer NULL REFERENCES dictionary_fieldchoice (machine_value) , movement_shape integer NULL REFERENCES dictionary_fieldchoice (machine_value) , named_entity integer NULL REFERENCES dictionary_fieldchoice (machine_value) , orientation_change integer NULL REFERENCES dictionary_fieldchoice (machine_value) , relation_between_articulators integer NULL REFERENCES dictionary_fieldchoice (machine_value) , relative_orientation_location integer NULL REFERENCES dictionary_fieldchoice (machine_value) , relative_orientation_movement integer NULL REFERENCES dictionary_fieldchoice (machine_value) , semantic_field integer NULL REFERENCES dictionary_fieldchoice (machine_value) , strong_handshape integer NULL REFERENCES dictionary_fieldchoice (machine_value) , weak_handshape integer NULL REFERENCES dictionary_fieldchoice (machine_value) , created_at datetime NOT NULL, created_by_id integer NULL REFERENCES auth_user (id) , updated_at datetime NOT NULL, updated_by_id integer NULL REFERENCES auth_user (id) , idgloss_en varchar(60) NOT NULL, dataset_id integer NOT NULL REFERENCES dictionary_dataset (id) , notes text NOT NULL, published bool NOT NULL, exclude_from_ecv bool NOT NULL, repeated_movement bool NULL);
CREATE TABLE IF NOT EXISTS dictionary_dataset (id integer NOT NULL PRIMARY KEY AUTO_INCREMENT, name varchar(60) NOT NULL UNIQUE, is_public bool NOT NULL, signlanguage_id integer NOT NULL REFERENCES dictionary_signlanguage (id) , public_name varchar(60) NOT NULL, copyright text NOT NULL, description text NOT NULL, copyright_en text NULL, copyright_fi text NULL, description_en text NULL, description_fi text NULL, public_name_en varchar(60) NULL, public_name_fi varchar(60) NULL, glosslanguage_id integer NOT NULL REFERENCES dictionary_language (id) , copyright_sv text NULL, description_sv text NULL, public_name_sv varchar(60) NULL);
CREATE TABLE IF NOT EXISTS dictionary_language (id integer NOT NULL PRIMARY KEY AUTO_INCREMENT, name varchar(50) NOT NULL, description text NOT NULL, language_code_2char varchar(2) NOT NULL, language_code_3char varchar(3) NOT NULL, name_en varchar(50) NULL, name_fi varchar(50) NULL, name_sv varchar(50) NULL);
CREATE TABLE IF NOT EXISTS dictionary_signlanguage (id integer NOT NULL PRIMARY KEY AUTO_INCREMENT, name varchar(50) NOT NULL, language_code_3char varchar(3) NOT NULL, name_en varchar(50) NULL, name_fi varchar(50) NULL, name_sv varchar(50) NULL);
-- INSERT INTO dictionary_signlanguage VALUES(1,'TestSignLanguage','tst',NULL,NULL,NULL);
CREATE TABLE IF NOT EXISTS dictionary_glossurl (id integer NOT NULL PRIMARY KEY AUTO_INCREMENT, url varchar(200) NOT NULL, gloss_id integer NOT NULL REFERENCES dictionary_gloss (id) , sign_language_id integer NULL REFERENCES dictionary_signlanguage (id) );
CREATE TABLE IF NOT EXISTS django_comment_flags (id integer NOT NULL PRIMARY KEY AUTO_INCREMENT, flag varchar(30) NOT NULL, flag_date datetime NOT NULL, comment_id integer NOT NULL REFERENCES django_comments (id) , user_id integer NOT NULL REFERENCES auth_user (id) );
CREATE TABLE IF NOT EXISTS django_comments (id integer NOT NULL PRIMARY KEY AUTO_INCREMENT, user_name varchar(50) NOT NULL, user_email varchar(254) NOT NULL, user_url varchar(200) NOT NULL, comment text NOT NULL, submit_date datetime NOT NULL, ip_address char(39) NULL, is_public bool NOT NULL, is_removed bool NOT NULL, content_type_id integer NOT NULL REFERENCES django_content_type (id) , site_id integer NOT NULL REFERENCES django_site (id) , user_id integer NULL REFERENCES auth_user (id) , object_pk varchar(64) NOT NULL);
CREATE TABLE IF NOT EXISTS django_summernote_attachment (id integer NOT NULL PRIMARY KEY AUTO_INCREMENT, name varchar(255) NULL, file varchar(100) NOT NULL, uploaded datetime NOT NULL);
CREATE TABLE IF NOT EXISTS django_flatpage_sites (id integer NOT NULL PRIMARY KEY AUTO_INCREMENT, flatpage_id integer NOT NULL REFERENCES django_flatpage (id) , site_id integer NOT NULL REFERENCES django_site (id) );
CREATE TABLE IF NOT EXISTS django_flatpage (id integer NOT NULL PRIMARY KEY AUTO_INCREMENT, url varchar(100) NOT NULL, title varchar(200) NOT NULL, content text NOT NULL, enable_comments bool NOT NULL, template_name varchar(70) NOT NULL, registration_required bool NOT NULL, content_en text NULL, content_fi text NULL, content_sv text NULL, title_en varchar(200) NULL, title_fi varchar(200) NULL, title_sv varchar(200) NULL);
CREATE TABLE IF NOT EXISTS guardian_groupobjectpermission (id integer NOT NULL PRIMARY KEY AUTO_INCREMENT, object_pk varchar(255) NOT NULL, content_type_id integer NOT NULL REFERENCES django_content_type (id) , group_id integer NOT NULL REFERENCES auth_group (id) , permission_id integer NOT NULL REFERENCES auth_permission (id) );
CREATE TABLE IF NOT EXISTS guardian_userobjectpermission (id integer NOT NULL PRIMARY KEY AUTO_INCREMENT, object_pk varchar(255) NOT NULL, content_type_id integer NOT NULL REFERENCES django_content_type (id) , permission_id integer NOT NULL REFERENCES auth_permission (id) , user_id integer NOT NULL REFERENCES auth_user (id) );
CREATE TABLE IF NOT EXISTS notifications_notification (id integer NOT NULL PRIMARY KEY AUTO_INCREMENT, level varchar(20) NOT NULL, unread bool NOT NULL, actor_object_id varchar(255) NOT NULL, verb varchar(255) NOT NULL, description text NULL, target_object_id varchar(255) NULL, action_object_object_id varchar(255) NULL, public bool NOT NULL, action_object_content_type_id integer NULL REFERENCES django_content_type (id) , actor_content_type_id integer NOT NULL REFERENCES django_content_type (id) , recipient_id integer NOT NULL REFERENCES auth_user (id) , target_content_type_id integer NULL REFERENCES django_content_type (id) , deleted bool NOT NULL, emailed bool NOT NULL, data text NULL, timestamp datetime NOT NULL);
CREATE TABLE IF NOT EXISTS reversion_revision (id integer NOT NULL PRIMARY KEY AUTO_INCREMENT, date_created datetime NOT NULL, comment text NOT NULL, user_id integer NULL REFERENCES auth_user (id) );
CREATE TABLE IF NOT EXISTS reversion_version (id integer NOT NULL PRIMARY KEY AUTO_INCREMENT, object_id varchar(191) NOT NULL, format varchar(255) NOT NULL, serialized_data text NOT NULL, object_repr text NOT NULL, content_type_id integer NOT NULL REFERENCES django_content_type (id) , revision_id integer NOT NULL REFERENCES reversion_revision (id) , db varchar(191) NOT NULL);
CREATE TABLE IF NOT EXISTS django_session (session_key varchar(40) NOT NULL PRIMARY KEY, session_data text NOT NULL, expire_date datetime NOT NULL);
CREATE TABLE IF NOT EXISTS django_site (id integer NOT NULL PRIMARY KEY AUTO_INCREMENT, name varchar(50) NOT NULL, domain varchar(100) NOT NULL UNIQUE);
-- INSERT INTO django_site VALUES(1,'example.com','example.com');
CREATE TABLE IF NOT EXISTS video_glossvideo (id integer NOT NULL PRIMARY KEY AUTO_INCREMENT, videofile varchar(100) NOT NULL, version integer NOT NULL, gloss_id integer NULL REFERENCES dictionary_gloss (id) , dataset_id integer NULL REFERENCES dictionary_dataset (id) , posterfile varchar(100) NOT NULL, title varchar(100) NOT NULL, is_public bool NOT NULL);

CREATE UNIQUE INDEX auth_group_permissions_group_id_permission_id_0cd325b0_uniq ON auth_group_permissions (group_id, permission_id);
CREATE INDEX auth_group_permissions_group_id_b120cbf9 ON auth_group_permissions (group_id);
CREATE INDEX auth_group_permissions_permission_id_84c5c92e ON auth_group_permissions (permission_id);
CREATE UNIQUE INDEX auth_user_groups_user_id_group_id_94350c0c_uniq ON auth_user_groups (user_id, group_id);
CREATE INDEX auth_user_groups_user_id_6a12ed8b ON auth_user_groups (user_id);
CREATE INDEX auth_user_groups_group_id_97559544 ON auth_user_groups (group_id);
CREATE UNIQUE INDEX auth_user_user_permissions_user_id_permission_id_14a6b632_uniq ON auth_user_user_permissions (user_id, permission_id);
CREATE INDEX auth_user_user_permissions_user_id_a95ead1b ON auth_user_user_permissions (user_id);
CREATE INDEX auth_user_user_permissions_permission_id_1fbb5f2c ON auth_user_user_permissions (permission_id);
CREATE INDEX django_admin_log_content_type_id_c4bce8eb ON django_admin_log (content_type_id);
CREATE INDEX django_admin_log_user_id_c564eba6 ON django_admin_log (user_id);
CREATE UNIQUE INDEX django_content_type_app_label_model_76bd3d3b_uniq ON django_content_type (app_label, model);
CREATE UNIQUE INDEX auth_permission_content_type_id_codename_01ab375a_uniq ON auth_permission (content_type_id, codename);
CREATE INDEX auth_permission_content_type_id_2f476e4b ON auth_permission (content_type_id);
CREATE UNIQUE INDEX tagging_taggeditem_tag_id_content_type_id_object_id_3d53f09d_uni ON tagging_taggeditem (tag_id, content_type_id, object_id);
CREATE INDEX tagging_taggeditem_object_id_0d0d5e42 ON tagging_taggeditem (object_id);
CREATE INDEX tagging_taggeditem_content_type_id_ede1c265 ON tagging_taggeditem (content_type_id);
CREATE INDEX tagging_taggeditem_tag_id_f008ca79 ON tagging_taggeditem (tag_id);
CREATE UNIQUE INDEX dictionary_gloss_dialect_gloss_id_dialect_id_c505885f_uniq ON dictionary_gloss_dialect (gloss_id, dialect_id);
CREATE INDEX dictionary_gloss_dialect_gloss_id_e04bb917 ON dictionary_gloss_dialect (gloss_id);
CREATE INDEX dictionary_gloss_dialect_dialect_id_9e39eda2 ON dictionary_gloss_dialect (dialect_id);
CREATE INDEX dictionary_morphologydefinition_morpheme_id_4110a287 ON dictionary_morphologydefinition (morpheme_id);
CREATE INDEX dictionary_morphologydefinition_parent_gloss_id_2fa66681 ON dictionary_morphologydefinition (parent_gloss_id);
CREATE INDEX dictionary_morphologydefinition_MorphologyType_3032dfb6 ON dictionary_morphologydefinition (MorphologyType);
CREATE INDEX dictionary_relation_MorphologyType_67606b20 ON dictionary_relation (MorphologyType);
CREATE INDEX dictionary_relation_source_id_a7bb102c ON dictionary_relation (source_id);
CREATE INDEX dictionary_relation_target_id_a7be29d0 ON dictionary_relation (target_id);
CREATE INDEX dictionary_relationtoforeignsign_gloss_id_700d44a2 ON dictionary_relationtoforeignsign (gloss_id);
CREATE INDEX dictionary_translation_gloss_id_dea90b4f ON dictionary_translation (gloss_id);
CREATE INDEX dictionary_translation_keyword_id_7d193e6d ON dictionary_translation (keyword_id);
CREATE INDEX dictionary_translation_language_id_15e5a61b ON dictionary_translation (language_id);
CREATE UNIQUE INDEX dictionary_translation_gloss_id_language_id_keyword_id_81d892cf_ ON dictionary_translation (gloss_id, language_id, keyword_id);
CREATE UNIQUE INDEX dictionary_dataset_translation_languages_dataset_id_language_id_ ON dictionary_dataset_translation_languages (dataset_id, language_id);
CREATE INDEX dictionary_dataset_translation_languages_dataset_id_ee4aabc9 ON dictionary_dataset_translation_languages (dataset_id);
CREATE INDEX dictionary_dataset_translation_languages_language_id_96746c7a ON dictionary_dataset_translation_languages (language_id);
CREATE INDEX dictionary_dialect_language_id_0aecf857 ON dictionary_dialect (language_id);
CREATE UNIQUE INDEX dictionary_glosstranslations_gloss_id_language_id_b08e02a2_uniq ON dictionary_glosstranslations (gloss_id, language_id);
CREATE INDEX dictionary_glosstranslations_gloss_id_cdc11c53 ON dictionary_glosstranslations (gloss_id);
CREATE INDEX dictionary_glosstranslations_language_id_61b946f8 ON dictionary_glosstranslations (language_id);
CREATE INDEX dictionary_glossrelation_source_id_404d29fb ON dictionary_glossrelation (source_id);
CREATE INDEX dictionary_glossrelation_target_id_170189c0 ON dictionary_glossrelation (target_id);
CREATE UNIQUE INDEX dictionary_allowedtags_allowed_tags_allowedtags_id_tag_id_4938fd ON dictionary_allowedtags_allowed_tags (allowedtags_id, tag_id);
CREATE INDEX dictionary_allowedtags_allowed_tags_allowedtags_id_c7d84b52 ON dictionary_allowedtags_allowed_tags (allowedtags_id);
CREATE INDEX dictionary_allowedtags_allowed_tags_tag_id_d123a18f ON dictionary_allowedtags_allowed_tags (tag_id);
CREATE UNIQUE INDEX dictionary_dataset_admins_dataset_id_user_id_d96e48a1_uniq ON dictionary_dataset_admins (dataset_id, user_id);
CREATE INDEX dictionary_dataset_admins_dataset_id_562376c4 ON dictionary_dataset_admins (dataset_id);
CREATE INDEX dictionary_dataset_admins_user_id_7fdaf8c2 ON dictionary_dataset_admins (user_id);
CREATE UNIQUE INDEX dictionary_gloss_idgloss_dataset_id_f07e31d2_uniq ON dictionary_gloss (idgloss, dataset_id);
CREATE INDEX dictionary_gloss_absolute_orientation_fingers_e9dc8120 ON dictionary_gloss (absolute_orientation_fingers);

CREATE INDEX dictionary_gloss_absolute_orientation_palm_9cf4ebb1 ON dictionary_gloss (absolute_orientation_palm);
CREATE INDEX dictionary_gloss_contact_type_4d7c0f47 ON dictionary_gloss (contact_type);
CREATE INDEX dictionary_gloss_handedness_780d93c0 ON dictionary_gloss (handedness);
CREATE INDEX dictionary_gloss_handshape_change_bc0d980b ON dictionary_gloss (handshape_change);
CREATE INDEX dictionary_gloss_location_21311508 ON dictionary_gloss (location);
CREATE INDEX dictionary_gloss_movement_direction_1579660c ON dictionary_gloss (movement_direction);
CREATE INDEX dictionary_gloss_movement_manner_7423b90b ON dictionary_gloss (movement_manner);
CREATE INDEX dictionary_gloss_movement_shape_93e0e57a ON dictionary_gloss (movement_shape);
CREATE INDEX dictionary_gloss_named_entity_e1723aee ON dictionary_gloss (named_entity);
CREATE INDEX dictionary_gloss_orientation_change_67b7abd7 ON dictionary_gloss (orientation_change);

CREATE INDEX dictionary_gloss_relation_between_articulators_49b7266e ON dictionary_gloss (relation_between_articulators);
CREATE INDEX dictionary_gloss_relative_orientation_location_8cda6ece ON dictionary_gloss (relative_orientation_location);
CREATE INDEX dictionary_gloss_relative_orientation_movement_e39157d8 ON dictionary_gloss (relative_orientation_movement);
CREATE INDEX dictionary_gloss_semantic_field_678a4fad ON dictionary_gloss (semantic_field);
CREATE INDEX dictionary_gloss_strong_handshape_d13d4aaf ON dictionary_gloss (strong_handshape);
CREATE INDEX dictionary_gloss_weak_handshape_4616c6ae ON dictionary_gloss (weak_handshape);
CREATE INDEX dictionary_gloss_created_by_id_6371e542 ON dictionary_gloss (created_by_id);
CREATE INDEX dictionary_gloss_updated_by_id_42dc5192 ON dictionary_gloss (updated_by_id);
CREATE INDEX dictionary_gloss_dataset_id_53eed9b7 ON dictionary_gloss (dataset_id);
CREATE INDEX dictionary_dataset_signlanguage_id_ba0aaa25 ON dictionary_dataset (signlanguage_id);
CREATE INDEX dictionary_dataset_glosslanguage_id_db669f5a ON dictionary_dataset (glosslanguage_id);
CREATE INDEX dictionary_glossurl_gloss_id_0fff19c0 ON dictionary_glossurl (gloss_id);
CREATE INDEX dictionary_glossurl_sign_language_id_5586ffcc ON dictionary_glossurl (sign_language_id);
CREATE UNIQUE INDEX django_comment_flags_user_id_comment_id_flag_537f77a7_uniq ON django_comment_flags (user_id, comment_id, flag);
CREATE INDEX django_comment_flags_flag_8b141fcb ON django_comment_flags (flag);
CREATE INDEX django_comment_flags_comment_id_d8054933 ON django_comment_flags (comment_id);
CREATE INDEX django_comment_flags_user_id_f3f81f0a ON django_comment_flags (user_id);
CREATE INDEX django_comments_submit_date_514ed2d9 ON django_comments (submit_date);
CREATE INDEX django_comments_is_removed_52a03ae3 ON django_comments (is_removed);
CREATE INDEX django_comments_content_type_id_c4afe962 ON django_comments (content_type_id);
CREATE INDEX django_comments_site_id_9dcf666e ON django_comments (site_id);
CREATE INDEX django_comments_user_id_a0a440a1 ON django_comments (user_id);
CREATE INDEX django_comments_object_pk_7fc98e83 ON django_comments (object_pk);
CREATE UNIQUE INDEX django_flatpage_sites_flatpage_id_site_id_0d29d9d1_uniq ON django_flatpage_sites (flatpage_id, site_id);
CREATE INDEX django_flatpage_sites_flatpage_id_078bbc8b ON django_flatpage_sites (flatpage_id);
CREATE INDEX django_flatpage_sites_site_id_bfd8ea84 ON django_flatpage_sites (site_id);
CREATE INDEX django_flatpage_url_41612362 ON django_flatpage (url);
CREATE UNIQUE INDEX guardian_userobjectpermission_user_id_permission_id_object_pk_b0 ON guardian_userobjectpermission (user_id, permission_id, object_pk);
CREATE UNIQUE INDEX guardian_groupobjectpermission_group_id_permission_id_object_pk_ ON guardian_groupobjectpermission (group_id, permission_id, object_pk);
CREATE INDEX guardian_groupobjectpermission_content_type_id_7ade36b8 ON guardian_groupobjectpermission (content_type_id);
CREATE INDEX guardian_groupobjectpermission_group_id_4bbbfb62 ON guardian_groupobjectpermission (group_id);
CREATE INDEX guardian_groupobjectpermission_permission_id_36572738 ON guardian_groupobjectpermission (permission_id);
CREATE INDEX guardian_userobjectpermission_content_type_id_2e892405 ON guardian_userobjectpermission (content_type_id);
CREATE INDEX guardian_userobjectpermission_permission_id_71807bfc ON guardian_userobjectpermission (permission_id);
CREATE INDEX guardian_userobjectpermission_user_id_d5c1e964 ON guardian_userobjectpermission (user_id);
CREATE INDEX guardian_gr_content_ae6aec_idx ON guardian_groupobjectpermission (content_type_id, object_pk);
CREATE INDEX guardian_us_content_179ed2_idx ON guardian_userobjectpermission (content_type_id, object_pk);
CREATE INDEX notifications_notification_unread_cce4be30 ON notifications_notification (unread);
CREATE INDEX notifications_notification_public_1bc30b1c ON notifications_notification (public);
CREATE INDEX notifications_notification_action_object_content_type_id_7d2b8ee ON notifications_notification (action_object_content_type_id);
CREATE INDEX notifications_notification_actor_content_type_id_0c69d7b7 ON notifications_notification (actor_content_type_id);
CREATE INDEX notifications_notification_recipient_id_d055f3f0 ON notifications_notification (recipient_id);
CREATE INDEX notifications_notification_target_content_type_id_ccb24d88 ON notifications_notification (target_content_type_id);
CREATE INDEX notifications_notification_deleted_b32b69e6 ON notifications_notification (deleted);
CREATE INDEX notifications_notification_emailed_23a5ad81 ON notifications_notification (emailed);
CREATE INDEX notifications_notification_timestamp_6a797bad ON notifications_notification (timestamp);
CREATE INDEX notifications_notification_recipient_id_unread_253aadc9_idx ON notifications_notification (recipient_id, unread);
CREATE UNIQUE INDEX reversion_version_db_content_type_id_object_id_revision_id_b2c54 ON reversion_version (db, content_type_id, object_id, revision_id);
CREATE INDEX reversion_revision_date_created_96f7c20c ON reversion_revision (date_created);
CREATE INDEX reversion_revision_user_id_17095f45 ON reversion_revision (user_id);
CREATE INDEX reversion_version_content_type_id_7d0ff25c ON reversion_version (content_type_id);
CREATE INDEX reversion_version_revision_id_af9f6a9d ON reversion_version (revision_id);
CREATE INDEX reversion_v_content_f95daf_idx ON reversion_version (content_type_id, db);
CREATE INDEX django_session_expire_date_a5c62663 ON django_session (expire_date);
CREATE INDEX video_glossvideo_gloss_id_cfab82e3 ON video_glossvideo (gloss_id);
CREATE INDEX video_glossvideo_dataset_id_ff3819ed ON video_glossvideo (dataset_id);
COMMIT;
